Impulsiveness,Cases,Fraction
-2.55524,20,1.06%
-1.37983,276,14.64%
-0.71126,307,16.29%
-0.21712,355,18.83%
0.19268,257,13.63%
0.52975,216,11.46%
0.88113,195,10.34%
1.29221,148,7.85%
1.86203,104,5.52%
2.90161,7,0.37%
