SS,Cases,Fraction
-2.07848,71,3.77%
-1.54858,87,4.62%
-1.18084,132,7.00%
-0.84637,169,8.97%
-0.52593,211,11.19%
-0.21575,223,11.83%
0.07987,219,11.62%
0.40148,249,13.21%
0.7654,211,11.19%
1.2247,210,11.14%
1.92173,103,5.46%
